t_burn (days),nu_burn (degrees),Minimum Relative Velocity (km/s),Time at Minimum Relative Velocity (days),Delta-V at Minimum Relative Velocity (km/s)
-1095.75,0.0,36.55524540984847,298.7455330706079,14.492032322919771
-1095.75,3.6,35.549925472807104,319.28302251200137,14.7798220476225
-1095.75,7.2,35.520072102070486,319.28302251200137,14.54189546038343
-1095.75,10.8,34.576942308210604,339.8205119533947,14.825125855465815
-1095.75,14.4,34.55366663613064,339.8205119533947,14.6077187824722
-1095.75,18.0,33.669519929646825,360.358001394788,14.882663182316694
-1095.75,21.6,33.65355689806804,360.358001394788,14.685285751830122
-1095.75,25.2,32.82476846122916,380.89549083618135,14.952470998582218
-1095.75,28.8,32.81656051847654,380.89549083618135,14.778095648648554
